<?xml version="1.0" encoding="UTF-8"?>
<!DOCTYPE struts PUBLIC
   "-//Apache Software Foundation//DTD Struts Configuration 2.0//EN"
   "http://struts.apache.org/dtds/struts-2.0.dtd">
   
<struts>
	<package name="default" extends="struts-default">
	
		<action name="login" class="action.Login">
			<result name="error">/login.jsp</result>
			<result name="success">/profile.jsp</result>
		</action>   

		<action name="register" class="action.Register">
			<result name="REGISTER">/register.jsp</result>
			<result name="success">/thank.jsp</result>
			<result name="error">/login.jsp</result>
		</action>   

		<action name="profile" class="action.Profile">
			<result name="PROFILE">/profile.jsp</result>
		</action>   

		<action name="updatedetails" class="action.UpdateAction">
			<result name="UPDATE">/update.jsp</result>
		</action>   

		<action name="thank" class="action.Thank">
			<result name="THANK">/thank.jsp</result>
		</action>   

		<action name="logout" class="action.Login" method="logout">
			<result name="success">/logout.jsp</result>
		</action>   
		
	</package>
</struts>